WINDOWS_ENERGY_EFF,WINDOWS_ENV_EFF,82072.91298318311
WINDOWS_ENV_EFF,WINDOWS_ENERGY_EFF,82072.91298318311
MAINHEATC_ENV_EFF,MAINHEATC_ENERGY_EFF,81919.2787790415
MAINHEATC_ENERGY_EFF,MAINHEATC_ENV_EFF,81919.2787790415
WALLS_ENV_EFF,WALLS_ENERGY_EFF,81744.04451847602
WALLS_ENERGY_EFF,WALLS_ENV_EFF,81744.04451847602
LIGHTING_ENERGY_EFF,LIGHTING_ENV_EFF,81350.62107399569
LIGHTING_ENV_EFF,LIGHTING_ENERGY_EFF,81350.62107399569
ROOF_ENERGY_EFF,ROOF_ENV_EFF,73404.90160812806
ROOF_ENV_EFF,ROOF_ENERGY_EFF,73404.90160812806
HOT_WATER_ENERGY_EFF,HOT_WATER_ENV_EFF,38338.41986678633
HOT_WATER_ENV_EFF,HOT_WATER_ENERGY_EFF,38338.41986678633
HOT_WATER_ENV_EFF,MAINHEAT_ENV_EFF,35334.57557772175
MAINHEAT_ENV_EFF,HOT_WATER_ENV_EFF,35334.57557772175
MAINHEAT_ENV_EFF,MAINHEAT_ENERGY_EFF,34461.67977666524
MAINHEAT_ENERGY_EFF,MAINHEAT_ENV_EFF,34461.67977666524
MAINHEAT_ENERGY_EFF,HOT_WATER_ENERGY_EFF,32080.2058838882
HOT_WATER_ENERGY_EFF,MAINHEAT_ENERGY_EFF,32080.2058838882
MAINS_GAS_FLAG,MAINHEAT_ENV_EFF,30539.39955150069
MAINHEAT_ENV_EFF,MAINS_GAS_FLAG,30539.39955150069
MAINHEAT_ENERGY_EFF,MAINS_GAS_FLAG,28997.49090558697
MAINS_GAS_FLAG,MAINHEAT_ENERGY_EFF,28997.49090558697
MAINHEAT_ENERGY_EFF,HOT_WATER_ENV_EFF,23844.071393847567
HOT_WATER_ENV_EFF,MAINHEAT_ENERGY_EFF,23844.071393847567
HOT_WATER_ENERGY_EFF,MAINHEAT_ENV_EFF,22492.024036042552
MAINHEAT_ENV_EFF,HOT_WATER_ENERGY_EFF,22492.024036042545
PROPERTY_TYPE,HEAT_LOSS_CORRIDOOR,21418.14303509617
HEAT_LOSS_CORRIDOOR,PROPERTY_TYPE,21418.14303509617
GLAZED_TYPE,WINDOWS_ENV_EFF,19419.885947539948
GLAZED_TYPE,WINDOWS_ENERGY_EFF,19419.885947539948
WINDOWS_ENERGY_EFF,GLAZED_TYPE,19419.885947539944
WINDOWS_ENV_EFF,GLAZED_TYPE,19419.885947539944
HOT_WATER_ENV_EFF,MAINS_GAS_FLAG,19065.27980529777
MAINS_GAS_FLAG,HOT_WATER_ENV_EFF,19065.279805297767
MAINS_GAS_FLAG,HOT_WATER_ENERGY_EFF,17352.815802609784
HOT_WATER_ENERGY_EFF,MAINS_GAS_FLAG,17352.815802609777
WINDOWS_ENERGY_EFF,MECHANICAL_VENTILATION,14250.97074444599
MECHANICAL_VENTILATION,WINDOWS_ENERGY_EFF,14250.97074444599
WINDOWS_ENV_EFF,MECHANICAL_VENTILATION,14250.97074444599
MECHANICAL_VENTILATION,WINDOWS_ENV_EFF,14250.97074444599
WALLS_ENERGY_EFF,MECHANICAL_VENTILATION,14184.923385506683
WALLS_ENV_EFF,MECHANICAL_VENTILATION,14184.923385506683
MECHANICAL_VENTILATION,WALLS_ENV_EFF,14184.92338550668
MECHANICAL_VENTILATION,WALLS_ENERGY_EFF,14184.92338550668
MECHANICAL_VENTILATION,ENERGY_TARIFF,13536.579914977421
ENERGY_TARIFF,MECHANICAL_VENTILATION,13536.57991497742
MECHANICAL_VENTILATION,GLAZED_TYPE,12432.697214974214
GLAZED_TYPE,MECHANICAL_VENTILATION,12432.697214974214
WINDOWS_ENERGY_EFF,WALLS_ENERGY_EFF,12308.980507667691
WINDOWS_ENERGY_EFF,WALLS_ENV_EFF,12308.980507667691
WINDOWS_ENV_EFF,WALLS_ENERGY_EFF,12308.980507667691
WINDOWS_ENV_EFF,WALLS_ENV_EFF,12308.980507667691
WALLS_ENV_EFF,WINDOWS_ENV_EFF,12308.980507667691
WALLS_ENV_EFF,WINDOWS_ENERGY_EFF,12308.980507667691
WALLS_ENERGY_EFF,WINDOWS_ENERGY_EFF,12308.980507667691
WALLS_ENERGY_EFF,WINDOWS_ENV_EFF,12308.980507667691
MAINS_GAS_FLAG,MAIN_FUEL,8583.080681366906
MAIN_FUEL,MAINS_GAS_FLAG,8583.080681366906
MAINHEATC_ENERGY_EFF,WALLS_ENV_EFF,8253.901941495087
MAINHEATC_ENERGY_EFF,WALLS_ENERGY_EFF,8253.901941495087
MAINHEATC_ENV_EFF,WALLS_ENERGY_EFF,8253.901941495087
MAINHEATC_ENV_EFF,WALLS_ENV_EFF,8253.901941495087
WALLS_ENERGY_EFF,MAINHEATC_ENV_EFF,8253.901941495087
WALLS_ENV_EFF,MAINHEATC_ENV_EFF,8253.901941495087
WALLS_ENERGY_EFF,MAINHEATC_ENERGY_EFF,8253.901941495087
WALLS_ENV_EFF,MAINHEATC_ENERGY_EFF,8253.901941495087
WINDOWS_ENV_EFF,MAINHEATC_ENV_EFF,7879.565044596585
MAINHEATC_ENERGY_EFF,WINDOWS_ENERGY_EFF,7879.565044596585
MAINHEATC_ENERGY_EFF,WINDOWS_ENV_EFF,7879.565044596585
WINDOWS_ENV_EFF,MAINHEATC_ENERGY_EFF,7879.565044596585
WINDOWS_ENERGY_EFF,MAINHEATC_ENERGY_EFF,7879.565044596585
WINDOWS_ENERGY_EFF,MAINHEATC_ENV_EFF,7879.565044596585
MAINHEATC_ENV_EFF,WINDOWS_ENV_EFF,7879.565044596585
MAINHEATC_ENV_EFF,WINDOWS_ENERGY_EFF,7879.565044596585
MAINHEATC_ENERGY_EFF,MECHANICAL_VENTILATION,7269.022483054241
MECHANICAL_VENTILATION,MAINHEATC_ENV_EFF,7269.022483054241
MAINHEATC_ENV_EFF,MECHANICAL_VENTILATION,7269.022483054241
MECHANICAL_VENTILATION,MAINHEATC_ENERGY_EFF,7269.022483054241
ENERGY_TARIFF,WINDOWS_ENV_EFF,7109.510769383445
ENERGY_TARIFF,WINDOWS_ENERGY_EFF,7109.510769383445
WINDOWS_ENERGY_EFF,ENERGY_TARIFF,7109.510769383445
WINDOWS_ENV_EFF,ENERGY_TARIFF,7109.510769383445
MECHANICAL_VENTILATION,TRANSACTION_TYPE,7082.665503607175
TRANSACTION_TYPE,MECHANICAL_VENTILATION,7082.665503607174
WALLS_ENERGY_EFF,ENERGY_TARIFF,7041.664982110446
WALLS_ENV_EFF,ENERGY_TARIFF,7041.664982110446
ENERGY_TARIFF,WALLS_ENV_EFF,7041.664982110446
ENERGY_TARIFF,WALLS_ENERGY_EFF,7041.664982110446
WINDOWS_DESCRIPTION,WINDOWS_ENERGY_EFF,6194.350145481785
WINDOWS_DESCRIPTION,WINDOWS_ENV_EFF,6194.350145481785
WINDOWS_ENERGY_EFF,WINDOWS_DESCRIPTION,6194.350145481783
WINDOWS_ENV_EFF,WINDOWS_DESCRIPTION,6194.350145481783
MAIN_HEATING_CONTROLS,MAINHEATCONT_DESCRIPTION,6141.749765379354
MAINHEATCONT_DESCRIPTION,MAIN_HEATING_CONTROLS,6141.749765379354
WALLS_ENERGY_EFF,ROOF_ENERGY_EFF,6038.462317106205
ROOF_ENV_EFF,WALLS_ENERGY_EFF,6038.462317106205
WALLS_ENERGY_EFF,ROOF_ENV_EFF,6038.462317106205
WALLS_ENV_EFF,ROOF_ENV_EFF,6038.462317106205
ROOF_ENV_EFF,WALLS_ENV_EFF,6038.462317106205
ROOF_ENERGY_EFF,WALLS_ENERGY_EFF,6038.462317106205
ROOF_ENERGY_EFF,WALLS_ENV_EFF,6038.462317106205
WALLS_ENV_EFF,ROOF_ENERGY_EFF,6038.462317106205
FLOOR_LEVEL,HEAT_LOSS_CORRIDOOR,5704.190483528701
HEAT_LOSS_CORRIDOOR,FLOOR_LEVEL,5704.190483528701
WALLS_ENV_EFF,GLAZED_TYPE,5618.188699915878
WALLS_ENERGY_EFF,GLAZED_TYPE,5618.188699915878
GLAZED_TYPE,WALLS_ENV_EFF,5618.188699915877
GLAZED_TYPE,WALLS_ENERGY_EFF,5618.188699915877
MAINHEAT_ENV_EFF,MAIN_FUEL,5469.826322632097
MAIN_FUEL,MAINHEAT_ENV_EFF,5469.826322632097
ENERGY_TARIFF,MAINHEATC_ENV_EFF,4954.487785906002
ENERGY_TARIFF,MAINHEATC_ENERGY_EFF,4954.487785906002
MAINHEATC_ENV_EFF,ENERGY_TARIFF,4954.487785906002
MAINHEATC_ENERGY_EFF,ENERGY_TARIFF,4954.487785906002
ENERGY_TARIFF,GLAZED_TYPE,4874.403192633259
GLAZED_TYPE,ENERGY_TARIFF,4874.403192633258
MAINS_GAS_FLAG,ENERGY_TARIFF,4776.838345547256
ENERGY_TARIFF,MAINS_GAS_FLAG,4776.838345547255
TRANSACTION_TYPE,WALLS_ENERGY_EFF,4712.418666433553
WALLS_ENV_EFF,TRANSACTION_TYPE,4712.418666433553
WALLS_ENERGY_EFF,TRANSACTION_TYPE,4712.418666433553
TRANSACTION_TYPE,WALLS_ENV_EFF,4712.418666433553
MAINHEAT_ENV_EFF,ENERGY_TARIFF,4657.0892025691655
ENERGY_TARIFF,MAINHEAT_ENV_EFF,4657.0892025691655
WINDOWS_ENV_EFF,TRANSACTION_TYPE,4340.975567245015
WINDOWS_ENERGY_EFF,TRANSACTION_TYPE,4340.975567245015
TRANSACTION_TYPE,WINDOWS_ENV_EFF,4340.975567245015
TRANSACTION_TYPE,WINDOWS_ENERGY_EFF,4340.975567245015
MAINHEAT_ENERGY_EFF,MAIN_FUEL,4313.249960168728
MAIN_FUEL,MAINHEAT_ENERGY_EFF,4313.249960168728
MAIN_HEATING_CONTROLS,MAINHEATC_ENV_EFF,4188.847811103629
MAINHEATCONT_DESCRIPTION,MAINHEATC_ENERGY_EFF,4188.847811103629
MAINHEATCONT_DESCRIPTION,MAINHEATC_ENV_EFF,4188.847811103629
MAIN_HEATING_CONTROLS,MAINHEATC_ENERGY_EFF,4188.847811103629
MAINHEATC_ENERGY_EFF,MAINHEATCONT_DESCRIPTION,4188.847811103628
MAINHEATC_ENV_EFF,MAIN_HEATING_CONTROLS,4188.847811103628
MAINHEATC_ENERGY_EFF,MAIN_HEATING_CONTROLS,4188.847811103628
MAINHEATC_ENV_EFF,MAINHEATCONT_DESCRIPTION,4188.847811103628
ENERGY_TARIFF,TRANSACTION_TYPE,4011.619147278017
TRANSACTION_TYPE,ENERGY_TARIFF,4011.619147278017
WINDOWS_ENV_EFF,ROOF_ENERGY_EFF,3984.628442635747
WINDOWS_ENV_EFF,ROOF_ENV_EFF,3984.628442635747
ROOF_ENERGY_EFF,WINDOWS_ENERGY_EFF,3984.628442635747
ROOF_ENERGY_EFF,WINDOWS_ENV_EFF,3984.628442635747
WINDOWS_ENERGY_EFF,ROOF_ENERGY_EFF,3984.628442635747
WINDOWS_ENERGY_EFF,ROOF_ENV_EFF,3984.628442635747
ROOF_ENV_EFF,WINDOWS_ENERGY_EFF,3984.628442635747
ROOF_ENV_EFF,WINDOWS_ENV_EFF,3984.628442635747
GLAZED_TYPE,TRANSACTION_TYPE,3853.913176159254
TRANSACTION_TYPE,GLAZED_TYPE,3853.913176159254
FLOOR_LEVEL,PROPERTY_TYPE,3768.619236875875
PROPERTY_TYPE,FLOOR_LEVEL,3768.619236875875
BUILT_FORM,ENERGY_TARIFF,3649.684537600791
ENERGY_TARIFF,BUILT_FORM,3649.684537600791
GLAZED_TYPE,WINDOWS_DESCRIPTION,3629.605283204115
WINDOWS_DESCRIPTION,GLAZED_TYPE,3629.605283204115
BUILT_FORM,MECHANICAL_VENTILATION,3602.0987872790374
MECHANICAL_VENTILATION,BUILT_FORM,3602.0987872790374
MECHANICAL_VENTILATION,ROOF_ENV_EFF,3551.2973464965958
MECHANICAL_VENTILATION,ROOF_ENERGY_EFF,3551.2973464965958
ROOF_ENV_EFF,MECHANICAL_VENTILATION,3551.297346496595
ROOF_ENERGY_EFF,MECHANICAL_VENTILATION,3551.297346496595
HOT_WATER_ENV_EFF,MAIN_FUEL,3449.9135268137165
MAIN_FUEL,HOT_WATER_ENV_EFF,3449.9135268137165
MAINHEATC_ENV_EFF,GLAZED_TYPE,3443.4599667846833
GLAZED_TYPE,MAINHEATC_ENERGY_EFF,3443.4599667846833
MAINHEATC_ENERGY_EFF,GLAZED_TYPE,3443.4599667846833
GLAZED_TYPE,MAINHEATC_ENV_EFF,3443.4599667846833
MAINHEAT_ENV_EFF,MAINHEATC_ENERGY_EFF,3261.7531489281387
MAINHEATC_ENERGY_EFF,MAINHEAT_ENV_EFF,3261.7531489281387
MAINHEATC_ENV_EFF,MAINHEAT_ENV_EFF,3261.7531489281387
MAINHEAT_ENV_EFF,MAINHEATC_ENV_EFF,3261.7531489281387
ROOF_ENERGY_EFF,MAINHEATC_ENERGY_EFF,3038.630275631259
ROOF_ENERGY_EFF,MAINHEATC_ENV_EFF,3038.630275631259
ROOF_ENV_EFF,MAINHEATC_ENERGY_EFF,3038.630275631259
ROOF_ENV_EFF,MAINHEATC_ENV_EFF,3038.630275631259
MAINHEATC_ENV_EFF,ROOF_ENV_EFF,3038.6302756312584
MAINHEATC_ENERGY_EFF,ROOF_ENERGY_EFF,3038.6302756312584
MAINHEATC_ENV_EFF,ROOF_ENERGY_EFF,3038.6302756312584
MAINHEATC_ENERGY_EFF,ROOF_ENV_EFF,3038.6302756312584
region,MAINS_GAS_FLAG,2989.652939130464
MAINS_GAS_FLAG,region,2989.6529391304634
TRANSACTION_TYPE,MAINHEATC_ENV_EFF,2905.6237343799244
MAINHEATC_ENERGY_EFF,TRANSACTION_TYPE,2905.6237343799244
MAINHEATC_ENV_EFF,TRANSACTION_TYPE,2905.6237343799244
TRANSACTION_TYPE,MAINHEATC_ENERGY_EFF,2905.6237343799244
MAINHEAT_ENERGY_EFF,MAINHEATC_ENERGY_EFF,2815.2866716247568
MAINHEAT_ENERGY_EFF,MAINHEATC_ENV_EFF,2815.2866716247568
MAINHEATC_ENV_EFF,MAINHEAT_ENERGY_EFF,2815.2866716247563
MAINHEATC_ENERGY_EFF,MAINHEAT_ENERGY_EFF,2815.2866716247563
MAINS_GAS_FLAG,MAINHEATC_ENERGY_EFF,2703.6543742060644
MAINS_GAS_FLAG,MAINHEATC_ENV_EFF,2703.6543742060644
MAINHEATC_ENERGY_EFF,MAINS_GAS_FLAG,2703.654374206064
MAINHEATC_ENV_EFF,MAINS_GAS_FLAG,2703.654374206064
HOT_WATER_ENV_EFF,ENERGY_TARIFF,2702.3775448013293
ENERGY_TARIFF,HOT_WATER_ENV_EFF,2702.3775448013284
BUILT_FORM,MAINS_GAS_FLAG,2697.7180456715582
MAINS_GAS_FLAG,BUILT_FORM,2697.718045671558
HOT_WATER_ENERGY_EFF,MAINHEATC_ENV_EFF,2530.4928112528933
HOT_WATER_ENERGY_EFF,MAINHEATC_ENERGY_EFF,2530.4928112528933
MAINHEATC_ENV_EFF,HOT_WATER_ENERGY_EFF,2530.4928112528924
MAINHEATC_ENERGY_EFF,HOT_WATER_ENERGY_EFF,2530.4928112528924
MAIN_FUEL,ENERGY_TARIFF,2445.866131207788
ENERGY_TARIFF,MAIN_FUEL,2445.8661312077875
MAINHEAT_ENV_EFF,HEAT_LOSS_CORRIDOOR,2384.1489694215
HEAT_LOSS_CORRIDOOR,MAINHEAT_ENV_EFF,2384.1489694214997
BUILT_FORM,HEAT_LOSS_CORRIDOOR,2320.3581116694036
HEAT_LOSS_CORRIDOOR,BUILT_FORM,2320.3581116694036
BUILT_FORM,PROPERTY_TYPE,2284.132426594246
PROPERTY_TYPE,BUILT_FORM,2284.1324265942458
MAINHEAT_ENERGY_EFF,ENERGY_TARIFF,2282.8400582798427
ENERGY_TARIFF,MAINHEAT_ENERGY_EFF,2282.840058279842
MAINHEATC_ENV_EFF,HOT_WATER_ENV_EFF,2241.6116044886826
MAINHEATC_ENERGY_EFF,HOT_WATER_ENV_EFF,2241.6116044886826
HOT_WATER_ENV_EFF,MAINHEATC_ENERGY_EFF,2241.611604488682
HOT_WATER_ENV_EFF,MAINHEATC_ENV_EFF,2241.611604488682
HOT_WATER_ENERGY_EFF,MAIN_FUEL,2196.3345012234886
MAIN_FUEL,HOT_WATER_ENERGY_EFF,2196.3345012234886
PROPERTY_TYPE,MAINHEAT_ENV_EFF,2052.36999231382
MAINHEAT_ENV_EFF,PROPERTY_TYPE,2052.3699923138197
WALLS_ENV_EFF,BUILT_FORM,1994.1935338172123
WALLS_ENERGY_EFF,BUILT_FORM,1994.1935338172123
BUILT_FORM,WALLS_ENERGY_EFF,1994.1935338172123
BUILT_FORM,WALLS_ENV_EFF,1994.1935338172123
MECHANICAL_VENTILATION,FLOOR_LEVEL,1892.9876473059853
FLOOR_LEVEL,MECHANICAL_VENTILATION,1892.9876473059849
ROOF_ENV_EFF,ENERGY_TARIFF,1872.5396610996613
ROOF_ENERGY_EFF,ENERGY_TARIFF,1872.5396610996613
ENERGY_TARIFF,ROOF_ENV_EFF,1872.5396610996606
ENERGY_TARIFF,ROOF_ENERGY_EFF,1872.5396610996606
WINDOWS_DESCRIPTION,MECHANICAL_VENTILATION,1798.210120698502
MECHANICAL_VENTILATION,WINDOWS_DESCRIPTION,1798.210120698502
LIGHTING_ENV_EFF,LIGHTING_DESCRIPTION,1749.1078651862772
LIGHTING_DESCRIPTION,LIGHTING_ENV_EFF,1749.1078651862767
LIGHTING_ENERGY_EFF,LIGHTING_DESCRIPTION,1748.6129974078804
LIGHTING_DESCRIPTION,LIGHTING_ENERGY_EFF,1748.6129974078804
MAINS_GAS_FLAG,PROPERTY_TYPE,1641.305083427619
PROPERTY_TYPE,MAINS_GAS_FLAG,1641.3050834276187
MECHANICAL_VENTILATION,MAIN_FUEL,1634.4833226116525
MAIN_FUEL,MECHANICAL_VENTILATION,1634.483322611652
MAINS_GAS_FLAG,MAINHEATCONT_DESCRIPTION,1588.7642607542675
MAINS_GAS_FLAG,MAIN_HEATING_CONTROLS,1588.7642607542675
MAIN_HEATING_CONTROLS,MAINS_GAS_FLAG,1588.764260754267
MAINHEATCONT_DESCRIPTION,MAINS_GAS_FLAG,1588.764260754267
HOT_WATER_ENV_EFF,MECHANICAL_VENTILATION,1565.596806603721
MECHANICAL_VENTILATION,HOT_WATER_ENV_EFF,1565.5968066037208
GLAZED_TYPE,ROOF_ENERGY_EFF,1532.9635039407506
GLAZED_TYPE,ROOF_ENV_EFF,1532.9635039407506
ROOF_ENERGY_EFF,GLAZED_TYPE,1532.9635039407503
ROOF_ENV_EFF,GLAZED_TYPE,1532.9635039407503
MAINHEAT_ENV_EFF,MAIN_HEATING_CONTROLS,1530.4924330668891
MAIN_HEATING_CONTROLS,MAINHEAT_ENV_EFF,1530.4924330668891
MAINHEAT_ENV_EFF,MAINHEATCONT_DESCRIPTION,1530.4924330668891
MAINHEATCONT_DESCRIPTION,MAINHEAT_ENV_EFF,1530.4924330668891
MAINHEATC_ENERGY_EFF,LIGHTING_ENERGY_EFF,1502.2432023447484
MAINHEATC_ENV_EFF,LIGHTING_ENERGY_EFF,1502.2432023447484
LIGHTING_ENERGY_EFF,MAINHEATC_ENV_EFF,1502.2432023447482
LIGHTING_ENERGY_EFF,MAINHEATC_ENERGY_EFF,1502.2432023447482
MAINHEATC_ENV_EFF,LIGHTING_ENV_EFF,1498.4511540456697
LIGHTING_ENV_EFF,MAINHEATC_ENERGY_EFF,1498.4511540456697
MAINHEATC_ENERGY_EFF,LIGHTING_ENV_EFF,1498.4511540456697
LIGHTING_ENV_EFF,MAINHEATC_ENV_EFF,1498.4511540456697
TRANSACTION_TYPE,ROOF_ENERGY_EFF,1471.3874233592073
TRANSACTION_TYPE,ROOF_ENV_EFF,1471.3874233592073
ROOF_ENV_EFF,TRANSACTION_TYPE,1471.387423359207
ROOF_ENERGY_EFF,TRANSACTION_TYPE,1471.387423359207
WINDOWS_DESCRIPTION,WALLS_ENERGY_EFF,1439.5002154203505
WINDOWS_DESCRIPTION,WALLS_ENV_EFF,1439.5002154203505
WALLS_ENV_EFF,WINDOWS_DESCRIPTION,1439.50021542035
WALLS_ENERGY_EFF,WINDOWS_DESCRIPTION,1439.50021542035
ENERGY_TARIFF,HOT_WATER_ENERGY_EFF,1414.6283572220507
HOT_WATER_ENERGY_EFF,ENERGY_TARIFF,1414.6283572220502
GLAZED_TYPE,BUILT_FORM,1380.9544836324271
BUILT_FORM,GLAZED_TYPE,1380.954483632427
BUILT_FORM,MAIN_FUEL,1325.0673750140957
MAIN_FUEL,BUILT_FORM,1325.0673750140952
LIGHTING_ENERGY_EFF,WINDOWS_ENV_EFF,1315.578684080115
LIGHTING_ENERGY_EFF,WINDOWS_ENERGY_EFF,1315.578684080115
WINDOWS_ENERGY_EFF,LIGHTING_ENERGY_EFF,1315.578684080115
WINDOWS_ENV_EFF,LIGHTING_ENERGY_EFF,1315.578684080115
WINDOWS_ENV_EFF,LIGHTING_ENV_EFF,1314.9885141046318
WINDOWS_ENERGY_EFF,LIGHTING_ENV_EFF,1314.9885141046318
LIGHTING_ENV_EFF,WINDOWS_ENERGY_EFF,1314.9885141046316
LIGHTING_ENV_EFF,WINDOWS_ENV_EFF,1314.9885141046316
HEAT_LOSS_CORRIDOOR,MAINS_GAS_FLAG,1307.5950374067766
MAINS_GAS_FLAG,HEAT_LOSS_CORRIDOOR,1307.5950374067763
WALLS_ENERGY_EFF,LIGHTING_ENERGY_EFF,1269.0052187679657
LIGHTING_ENERGY_EFF,WALLS_ENERGY_EFF,1269.0052187679657
LIGHTING_ENERGY_EFF,WALLS_ENV_EFF,1269.0052187679657
WALLS_ENV_EFF,LIGHTING_ENERGY_EFF,1269.0052187679657
LIGHTING_ENV_EFF,WALLS_ENV_EFF,1267.5925809515222
LIGHTING_ENV_EFF,WALLS_ENERGY_EFF,1267.5925809515222
WALLS_ENV_EFF,LIGHTING_ENV_EFF,1267.592580951522
WALLS_ENERGY_EFF,LIGHTING_ENV_EFF,1267.592580951522
HOT_WATER_ENERGY_EFF,HOTWATER_DESCRIPTION,1261.7371288890367
HOTWATER_DESCRIPTION,HOT_WATER_ENERGY_EFF,1261.7371288890367
TRANSACTION_TYPE,HEAT_LOSS_CORRIDOOR,1253.607983602188
HEAT_LOSS_CORRIDOOR,TRANSACTION_TYPE,1253.607983602188
HEAT_LOSS_CORRIDOOR,ENERGY_TARIFF,1247.7033366011146
ENERGY_TARIFF,HEAT_LOSS_CORRIDOOR,1247.7033366011146
MAINHEAT_ENERGY_EFF,MAIN_HEATING_CONTROLS,1232.178295349985
MAINHEAT_ENERGY_EFF,MAINHEATCONT_DESCRIPTION,1232.178295349985
MAINHEATCONT_DESCRIPTION,MAINHEAT_ENERGY_EFF,1232.1782953499849
MAIN_HEATING_CONTROLS,MAINHEAT_ENERGY_EFF,1232.1782953499849
MAIN_FUEL,MAINHEATC_ENERGY_EFF,1202.209795904703
MAINHEATC_ENERGY_EFF,MAIN_FUEL,1202.209795904703
MAIN_FUEL,MAINHEATC_ENV_EFF,1202.209795904703
MAINHEATC_ENV_EFF,MAIN_FUEL,1202.209795904703
HOT_WATER_ENERGY_EFF,MECHANICAL_VENTILATION,1195.9694899846359
MECHANICAL_VENTILATION,HOT_WATER_ENERGY_EFF,1195.9694899846356
TRANSACTION_TYPE,BUILT_FORM,1151.7413738523908
BUILT_FORM,TRANSACTION_TYPE,1151.7413738523903
HEAT_LOSS_CORRIDOOR,MAIN_FUEL,1141.3214901433541
MAIN_FUEL,HEAT_LOSS_CORRIDOOR,1141.3214901433541
MECHANICAL_VENTILATION,MAINHEAT_ENV_EFF,1129.4796398041196
MAINHEAT_ENV_EFF,MECHANICAL_VENTILATION,1129.4796398041194
ROOF_ENERGY_EFF,ROOF_DESCRIPTION,1128.8781581881728
ROOF_ENV_EFF,ROOF_DESCRIPTION,1128.8781581881728
ROOF_DESCRIPTION,ROOF_ENERGY_EFF,1128.8781581881726
ROOF_DESCRIPTION,ROOF_ENV_EFF,1128.8781581881726
BUILT_FORM,MAINHEAT_ENV_EFF,1109.9789859691
MAINHEAT_ENV_EFF,BUILT_FORM,1109.9789859691
WINDOWS_ENV_EFF,HOT_WATER_ENERGY_EFF,1083.0533374034947
HOT_WATER_ENERGY_EFF,WINDOWS_ENERGY_EFF,1083.0533374034947
WINDOWS_ENERGY_EFF,HOT_WATER_ENERGY_EFF,1083.0533374034947
HOT_WATER_ENERGY_EFF,WINDOWS_ENV_EFF,1083.0533374034947
PROPERTY_TYPE,MAINHEAT_ENERGY_EFF,1078.797741460621
MAINHEAT_ENERGY_EFF,PROPERTY_TYPE,1078.797741460621
HOT_WATER_ENV_EFF,WINDOWS_ENV_EFF,1068.6965067310334
HOT_WATER_ENV_EFF,WINDOWS_ENERGY_EFF,1068.6965067310334
WINDOWS_ENERGY_EFF,HOT_WATER_ENV_EFF,1068.6965067310332
WINDOWS_ENV_EFF,HOT_WATER_ENV_EFF,1068.6965067310332
HOTWATER_DESCRIPTION,HOT_WATER_ENV_EFF,1038.8081146227228
HOT_WATER_ENV_EFF,HOTWATER_DESCRIPTION,1038.8081146227225
LIGHTING_ENV_EFF,MECHANICAL_VENTILATION,1026.367844442161
MECHANICAL_VENTILATION,LIGHTING_ENV_EFF,1026.3678444421605
MAINHEATC_ENERGY_EFF,WINDOWS_DESCRIPTION,1026.3454082912767
MAINHEATC_ENV_EFF,WINDOWS_DESCRIPTION,1026.3454082912767
WINDOWS_DESCRIPTION,MAINHEATC_ENERGY_EFF,1026.3454082912765
WINDOWS_DESCRIPTION,MAINHEATC_ENV_EFF,1026.3454082912765
MECHANICAL_VENTILATION,LIGHTING_ENERGY_EFF,1024.9876632328637
LIGHTING_ENERGY_EFF,MECHANICAL_VENTILATION,1024.9876632328637
FLOOR_LEVEL,WINDOWS_ENERGY_EFF,1016.5123920824548
FLOOR_LEVEL,WINDOWS_ENV_EFF,1016.5123920824548
WINDOWS_ENERGY_EFF,FLOOR_LEVEL,1016.5123920824543
WINDOWS_ENV_EFF,FLOOR_LEVEL,1016.5123920824543
HOTWATER_DESCRIPTION,MAINS_GAS_FLAG,1007.3722976327746
MAINS_GAS_FLAG,HOTWATER_DESCRIPTION,1007.3722976327743
HOT_WATER_ENV_EFF,HEAT_LOSS_CORRIDOOR,1003.3805751409398
HEAT_LOSS_CORRIDOOR,HOT_WATER_ENV_EFF,1003.3805751409398
FLOOR_LEVEL,WALLS_ENV_EFF,988.7249072306108
FLOOR_LEVEL,WALLS_ENERGY_EFF,988.7249072306108
WALLS_ENERGY_EFF,FLOOR_LEVEL,988.7249072306106
WALLS_ENV_EFF,FLOOR_LEVEL,988.7249072306106
ROOF_ENERGY_EFF,LIGHTING_ENERGY_EFF,978.424641295936
LIGHTING_ENERGY_EFF,ROOF_ENV_EFF,978.424641295936
LIGHTING_ENERGY_EFF,ROOF_ENERGY_EFF,978.424641295936
ROOF_ENV_EFF,LIGHTING_ENERGY_EFF,978.424641295936
ROOF_ENERGY_EFF,LIGHTING_ENV_EFF,976.3586434075808
LIGHTING_ENV_EFF,ROOF_ENV_EFF,976.3586434075808
LIGHTING_ENV_EFF,ROOF_ENERGY_EFF,976.3586434075808
ROOF_ENV_EFF,LIGHTING_ENV_EFF,976.3586434075808
WALLS_ENERGY_EFF,PROPERTY_TYPE,967.5554612217068
PROPERTY_TYPE,WALLS_ENERGY_EFF,967.5554612217068
PROPERTY_TYPE,WALLS_ENV_EFF,967.5554612217068
WALLS_ENV_EFF,PROPERTY_TYPE,967.5554612217068
FLOOR_LEVEL,ENERGY_TARIFF,928.7823034027472
ENERGY_TARIFF,FLOOR_LEVEL,928.7823034027472
HOT_WATER_ENERGY_EFF,WALLS_ENERGY_EFF,913.8561686959221
WALLS_ENV_EFF,HOT_WATER_ENERGY_EFF,913.8561686959221
WALLS_ENERGY_EFF,HOT_WATER_ENERGY_EFF,913.8561686959221
HOT_WATER_ENERGY_EFF,WALLS_ENV_EFF,913.8561686959221
FLOOR_LEVEL,MAINHEAT_ENV_EFF,905.765936725995
MAINHEAT_ENV_EFF,FLOOR_LEVEL,905.765936725995
MAINHEAT_ENERGY_EFF,MECHANICAL_VENTILATION,904.503412900863
MECHANICAL_VENTILATION,MAINHEAT_ENERGY_EFF,904.5034129008628
MAINHEAT_ENV_EFF,HOTWATER_DESCRIPTION,884.2567791434841
HOTWATER_DESCRIPTION,MAINHEAT_ENV_EFF,884.256779143484
MAINHEAT_ENERGY_EFF,HEAT_LOSS_CORRIDOOR,874.9017571332762
HEAT_LOSS_CORRIDOOR,MAINHEAT_ENERGY_EFF,874.9017571332762
ENERGY_TARIFF,WINDOWS_DESCRIPTION,860.0538177669501
WINDOWS_DESCRIPTION,ENERGY_TARIFF,860.0538177669499
MAIN_FUEL,GLAZED_TYPE,859.9356484715668
GLAZED_TYPE,MAIN_FUEL,859.9356484715667
HOT_WATER_ENV_EFF,WALLS_ENERGY_EFF,849.1943875519219
HOT_WATER_ENV_EFF,WALLS_ENV_EFF,849.1943875519219
WALLS_ENV_EFF,HOT_WATER_ENV_EFF,849.1943875519216
WALLS_ENERGY_EFF,HOT_WATER_ENV_EFF,849.1943875519216
HOT_WATER_ENV_EFF,PROPERTY_TYPE,846.1962458077418
PROPERTY_TYPE,HOT_WATER_ENV_EFF,846.1962458077418
GLAZED_TYPE,FLOOR_LEVEL,841.2301806272546
FLOOR_LEVEL,GLAZED_TYPE,841.2301806272546
TRANSACTION_TYPE,PROPERTY_TYPE,821.8627779324407
PROPERTY_TYPE,TRANSACTION_TYPE,821.8627779324405
MAINHEAT_ENV_EFF,WINDOWS_ENV_EFF,804.833152194888
WINDOWS_ENV_EFF,MAINHEAT_ENV_EFF,804.833152194888
MAINHEAT_ENV_EFF,WINDOWS_ENERGY_EFF,804.833152194888
WINDOWS_ENERGY_EFF,MAINHEAT_ENV_EFF,804.833152194888
MAINHEAT_ENERGY_EFF,WINDOWS_ENERGY_EFF,800.8948437239434
WINDOWS_ENV_EFF,MAINHEAT_ENERGY_EFF,800.8948437239434
WINDOWS_ENERGY_EFF,MAINHEAT_ENERGY_EFF,800.8948437239434
MAINHEAT_ENERGY_EFF,WINDOWS_ENV_EFF,800.8948437239434
MAINHEATCONT_DESCRIPTION,HOT_WATER_ENV_EFF,800.1833815146213
HOT_WATER_ENV_EFF,MAIN_HEATING_CONTROLS,800.1833815146213
MAIN_HEATING_CONTROLS,HOT_WATER_ENV_EFF,800.1833815146213
HOT_WATER_ENV_EFF,MAINHEATCONT_DESCRIPTION,800.1833815146213
WALLS_DESCRIPTION,WALLS_ENV_EFF,798.3322147785377
WALLS_DESCRIPTION,WALLS_ENERGY_EFF,798.3322147785377
WALLS_ENV_EFF,WALLS_DESCRIPTION,798.3322147785376
WALLS_ENERGY_EFF,WALLS_DESCRIPTION,798.3322147785376
FLOOR_LEVEL,MAINHEAT_ENERGY_EFF,797.2763580206313
MAINHEAT_ENERGY_EFF,FLOOR_LEVEL,797.2763580206312
MAINS_GAS_FLAG,SECONDHEAT_DESCRIPTION,793.6894903385971
SECONDHEAT_DESCRIPTION,MAINS_GAS_FLAG,793.689490338597
ENERGY_TARIFF,MAINHEATCONT_DESCRIPTION,761.9274729420234
ENERGY_TARIFF,MAIN_HEATING_CONTROLS,761.9274729420234
MAINHEATCONT_DESCRIPTION,ENERGY_TARIFF,761.9274729420232
MAIN_HEATING_CONTROLS,ENERGY_TARIFF,761.9274729420232
MAINHEATCONT_DESCRIPTION,MECHANICAL_VENTILATION,761.4609898119378
MAIN_HEATING_CONTROLS,MECHANICAL_VENTILATION,761.4609898119378
MECHANICAL_VENTILATION,MAIN_HEATING_CONTROLS,761.4609898119377
MECHANICAL_VENTILATION,MAINHEATCONT_DESCRIPTION,761.4609898119377
HOT_WATER_ENERGY_EFF,MAIN_HEATING_CONTROLS,758.7198183798331
HOT_WATER_ENERGY_EFF,MAINHEATCONT_DESCRIPTION,758.7198183798331
MAIN_HEATING_CONTROLS,HOT_WATER_ENERGY_EFF,758.719818379833
MAINHEATCONT_DESCRIPTION,HOT_WATER_ENERGY_EFF,758.719818379833
TRANSACTION_TYPE,MAIN_FUEL,748.6624917935719
MAIN_FUEL,TRANSACTION_TYPE,748.6624917935718
MECHANICAL_VENTILATION,HEAT_LOSS_CORRIDOOR,746.8366191107369
HEAT_LOSS_CORRIDOOR,MECHANICAL_VENTILATION,746.8366191107368
TRANSACTION_TYPE,FLOOR_LEVEL,738.3196515447271
FLOOR_LEVEL,TRANSACTION_TYPE,738.319651544727
MAINHEAT_ENERGY_EFF,HOTWATER_DESCRIPTION,733.0956300470925
HOTWATER_DESCRIPTION,MAINHEAT_ENERGY_EFF,733.0956300470924
MAINHEAT_ENV_EFF,region,732.5286003994815
region,MAINHEAT_ENV_EFF,732.5286003994813
GLAZED_TYPE,HOT_WATER_ENV_EFF,727.1187533013699
HOT_WATER_ENV_EFF,GLAZED_TYPE,727.1187533013699
LIGHTING_ENV_EFF,ENERGY_TARIFF,725.6081372573939
ENERGY_TARIFF,LIGHTING_ENV_EFF,725.6081372573939
ENERGY_TARIFF,LIGHTING_ENERGY_EFF,725.1297736935633
LIGHTING_ENERGY_EFF,ENERGY_TARIFF,725.1297736935633
MAIN_HEATING_CONTROLS,WALLS_ENV_EFF,701.2450967321812
MAINHEATCONT_DESCRIPTION,WALLS_ENV_EFF,701.2450967321812
MAIN_HEATING_CONTROLS,WALLS_ENERGY_EFF,701.2450967321812
MAINHEATCONT_DESCRIPTION,WALLS_ENERGY_EFF,701.2450967321812
WALLS_ENERGY_EFF,MAIN_HEATING_CONTROLS,701.2450967321811
WALLS_ENERGY_EFF,MAINHEATCONT_DESCRIPTION,701.2450967321811
WALLS_ENV_EFF,MAINHEATCONT_DESCRIPTION,701.2450967321811
WALLS_ENV_EFF,MAIN_HEATING_CONTROLS,701.2450967321811
MAINHEAT_ENERGY_EFF,BUILT_FORM,682.5351023161957
BUILT_FORM,MAINHEAT_ENERGY_EFF,682.5351023161957
MAINHEATC_ENERGY_EFF,FLOOR_LEVEL,678.8379413109743
MAINHEATC_ENV_EFF,FLOOR_LEVEL,678.8379413109743
FLOOR_LEVEL,MAINHEATC_ENV_EFF,678.837941310974
FLOOR_LEVEL,MAINHEATC_ENERGY_EFF,678.837941310974
PROPERTY_TYPE,ENERGY_TARIFF,664.4200398146681
ENERGY_TARIFF,PROPERTY_TYPE,664.4200398146681
FLOOR_LEVEL,MAIN_FUEL,662.4565562302505
MAIN_FUEL,FLOOR_LEVEL,662.4565562302505
region,MAINHEAT_ENERGY_EFF,640.6462716752354
MAINHEAT_ENERGY_EFF,region,640.6462716752352
HEAT_LOSS_CORRIDOOR,MAINHEATC_ENERGY_EFF,638.04645892462
HEAT_LOSS_CORRIDOOR,MAINHEATC_ENV_EFF,638.04645892462
MAINHEATC_ENERGY_EFF,HEAT_LOSS_CORRIDOOR,638.04645892462
MAINHEATC_ENV_EFF,HEAT_LOSS_CORRIDOOR,638.04645892462
MAINHEATC_ENERGY_EFF,BUILT_FORM,632.3643085092027
MAINHEATC_ENV_EFF,BUILT_FORM,632.3643085092027
BUILT_FORM,MAINHEATC_ENERGY_EFF,632.3643085092026
BUILT_FORM,MAINHEATC_ENV_EFF,632.3643085092026
FLOOR_LEVEL,HOT_WATER_ENV_EFF,617.4661204942795
HOT_WATER_ENV_EFF,FLOOR_LEVEL,617.4661204942794
HOT_WATER_ENERGY_EFF,GLAZED_TYPE,615.5326513873803
GLAZED_TYPE,HOT_WATER_ENERGY_EFF,615.5326513873802
HOT_WATER_ENV_EFF,TRANSACTION_TYPE,611.3137384952369
TRANSACTION_TYPE,HOT_WATER_ENV_EFF,611.3137384952369
MAIN_HEATING_CONTROLS,WINDOWS_DESCRIPTION,605.1533959519138
MAINHEATCONT_DESCRIPTION,WINDOWS_DESCRIPTION,605.1533959519138
WINDOWS_DESCRIPTION,MAINHEATCONT_DESCRIPTION,605.1533959519136
WINDOWS_DESCRIPTION,MAIN_HEATING_CONTROLS,605.1533959519136
GLAZED_TYPE,HEAT_LOSS_CORRIDOOR,602.5104362590477
HEAT_LOSS_CORRIDOOR,GLAZED_TYPE,602.5104362590477
WINDOWS_ENV_EFF,MAINHEATCONT_DESCRIPTION,602.345431598707
WINDOWS_ENERGY_EFF,MAIN_HEATING_CONTROLS,602.345431598707
MAIN_HEATING_CONTROLS,WINDOWS_ENV_EFF,602.345431598707
MAINHEATCONT_DESCRIPTION,WINDOWS_ENERGY_EFF,602.345431598707
WINDOWS_ENV_EFF,MAIN_HEATING_CONTROLS,602.345431598707
MAINHEATCONT_DESCRIPTION,WINDOWS_ENV_EFF,602.345431598707
MAIN_HEATING_CONTROLS,WINDOWS_ENERGY_EFF,602.345431598707
WINDOWS_ENERGY_EFF,MAINHEATCONT_DESCRIPTION,602.345431598707
WALLS_ENERGY_EFF,MAINHEAT_ENV_EFF,593.2437964364794
WALLS_ENV_EFF,MAINHEAT_ENV_EFF,593.2437964364794
MAINHEAT_ENV_EFF,WALLS_ENV_EFF,593.2437964364793
MAINHEAT_ENV_EFF,WALLS_ENERGY_EFF,593.2437964364793
BUILT_FORM,WINDOWS_ENERGY_EFF,588.8771003498337
BUILT_FORM,WINDOWS_ENV_EFF,588.8771003498337
WINDOWS_ENV_EFF,BUILT_FORM,588.8771003498335
WINDOWS_ENERGY_EFF,BUILT_FORM,588.8771003498335
MAIN_FUEL,WALLS_ENERGY_EFF,579.4955769713993
MAIN_FUEL,WALLS_ENV_EFF,579.4955769713993
WALLS_ENV_EFF,MAIN_FUEL,579.4955769713991
WALLS_ENERGY_EFF,MAIN_FUEL,579.4955769713991
WINDOWS_ENERGY_EFF,HEAT_LOSS_CORRIDOOR,574.037575442574
WINDOWS_ENV_EFF,HEAT_LOSS_CORRIDOOR,574.037575442574
HEAT_LOSS_CORRIDOOR,WINDOWS_ENV_EFF,574.037575442574
HEAT_LOSS_CORRIDOOR,WINDOWS_ENERGY_EFF,574.037575442574
WINDOWS_DESCRIPTION,TRANSACTION_TYPE,573.4317375978204
TRANSACTION_TYPE,WINDOWS_DESCRIPTION,573.4317375978204
TRANSACTION_TYPE,MAINHEAT_ENV_EFF,565.6981684972434
MAINHEAT_ENV_EFF,TRANSACTION_TYPE,565.6981684972434
WINDOWS_ENERGY_EFF,MAIN_FUEL,561.3458560608931
WINDOWS_ENV_EFF,MAIN_FUEL,561.3458560608931
MAIN_FUEL,WINDOWS_ENV_EFF,561.345856060893
MAIN_FUEL,WINDOWS_ENERGY_EFF,561.345856060893
GLAZED_TYPE,MAINHEAT_ENV_EFF,560.954314826814
MAINHEAT_ENV_EFF,GLAZED_TYPE,560.9543148268139
MAINHEAT_ENERGY_EFF,TRANSACTION_TYPE,558.1851296009864
TRANSACTION_TYPE,MAINHEAT_ENERGY_EFF,558.1851296009861
TRANSACTION_TYPE,LIGHTING_ENERGY_EFF,553.262556663903
LIGHTING_ENERGY_EFF,TRANSACTION_TYPE,553.262556663903
TRANSACTION_TYPE,LIGHTING_ENV_EFF,549.3478106471916
LIGHTING_ENV_EFF,TRANSACTION_TYPE,549.3478106471915
PROPERTY_TYPE,MAIN_FUEL,544.7268114511387
MAIN_FUEL,PROPERTY_TYPE,544.7268114511387
TRANSACTION_TYPE,HOT_WATER_ENERGY_EFF,539.7221910191914
HOT_WATER_ENERGY_EFF,TRANSACTION_TYPE,539.7221910191912
MAIN_HEATING_CONTROLS,MAIN_FUEL,539.0033699562894
MAIN_FUEL,MAIN_HEATING_CONTROLS,539.0033699562894
MAINHEATCONT_DESCRIPTION,MAIN_FUEL,539.0033699562894
MAIN_FUEL,MAINHEATCONT_DESCRIPTION,539.0033699562894
MAINS_GAS_FLAG,WINDOWS_ENV_EFF,538.8033934451071
WINDOWS_ENV_EFF,MAINS_GAS_FLAG,538.8033934451071
MAINS_GAS_FLAG,WINDOWS_ENERGY_EFF,538.8033934451071
WINDOWS_ENERGY_EFF,MAINS_GAS_FLAG,538.8033934451071
MAINHEAT_ENERGY_EFF,GLAZED_TYPE,529.7247392993638
GLAZED_TYPE,MAINHEAT_ENERGY_EFF,529.7247392993638
HOT_WATER_ENERGY_EFF,ROOF_ENERGY_EFF,523.6345811486805
HOT_WATER_ENERGY_EFF,ROOF_ENV_EFF,523.6345811486805
ROOF_ENERGY_EFF,HOT_WATER_ENERGY_EFF,523.6345811486805
ROOF_ENV_EFF,HOT_WATER_ENERGY_EFF,523.6345811486805
region,PROPERTY_TYPE,516.5730446065128
PROPERTY_TYPE,region,516.5730446065128
WALLS_ENV_EFF,HEAT_LOSS_CORRIDOOR,509.86056332411846
WALLS_ENERGY_EFF,HEAT_LOSS_CORRIDOOR,509.86056332411846
HEAT_LOSS_CORRIDOOR,WALLS_ENERGY_EFF,509.8605633241184
HEAT_LOSS_CORRIDOOR,WALLS_ENV_EFF,509.8605633241184
HOT_WATER_ENV_EFF,BUILT_FORM,509.6254982406937
BUILT_FORM,HOT_WATER_ENV_EFF,509.6254982406936
GLAZED_TYPE,LIGHTING_ENERGY_EFF,509.2594367782128
LIGHTING_ENERGY_EFF,GLAZED_TYPE,509.2594367782128
GLAZED_TYPE,LIGHTING_ENV_EFF,505.893567239795
LIGHTING_ENV_EFF,GLAZED_TYPE,505.89356723979495
MAINHEAT_ENERGY_EFF,WALLS_ENV_EFF,502.53656998848624
MAINHEAT_ENERGY_EFF,WALLS_ENERGY_EFF,502.53656998848624
WALLS_ENERGY_EFF,MAINHEAT_ENERGY_EFF,502.53656998848624
WALLS_ENV_EFF,MAINHEAT_ENERGY_EFF,502.53656998848624
HOT_WATER_ENERGY_EFF,PROPERTY_TYPE,477.7221815031325
PROPERTY_TYPE,HOT_WATER_ENERGY_EFF,477.7221815031325
MAINS_GAS_FLAG,WALLS_ENERGY_EFF,476.5104892425737
MAINS_GAS_FLAG,WALLS_ENV_EFF,476.5104892425737
WALLS_ENERGY_EFF,MAINS_GAS_FLAG,476.51048924257367
WALLS_ENV_EFF,MAINS_GAS_FLAG,476.51048924257367
HOTWATER_DESCRIPTION,MAINHEATCONT_DESCRIPTION,469.1300898616674
HOTWATER_DESCRIPTION,MAIN_HEATING_CONTROLS,469.1300898616674
MAIN_HEATING_CONTROLS,HOTWATER_DESCRIPTION,469.1300898616673
MAINHEATCONT_DESCRIPTION,HOTWATER_DESCRIPTION,469.1300898616673
ROOF_ENV_EFF,WINDOWS_DESCRIPTION,457.5563751529749
ROOF_ENERGY_EFF,WINDOWS_DESCRIPTION,457.5563751529749
WINDOWS_DESCRIPTION,ROOF_ENERGY_EFF,457.55637515297485
WINDOWS_DESCRIPTION,ROOF_ENV_EFF,457.55637515297485
HEAT_LOSS_CORRIDOOR,MAINHEATCONT_DESCRIPTION,457.28510635732107
HEAT_LOSS_CORRIDOOR,MAIN_HEATING_CONTROLS,457.28510635732107
MAINHEATCONT_DESCRIPTION,HEAT_LOSS_CORRIDOOR,457.28510635732096
MAIN_HEATING_CONTROLS,HEAT_LOSS_CORRIDOOR,457.28510635732096
HOTWATER_DESCRIPTION,WINDOWS_DESCRIPTION,430.6732756091325
WINDOWS_DESCRIPTION,HOTWATER_DESCRIPTION,430.6732756091325
ROOF_ENERGY_EFF,HOT_WATER_ENV_EFF,429.2165852037091
HOT_WATER_ENV_EFF,ROOF_ENERGY_EFF,429.2165852037091
ROOF_ENV_EFF,HOT_WATER_ENV_EFF,429.2165852037091
HOT_WATER_ENV_EFF,ROOF_ENV_EFF,429.2165852037091
MAIN_HEATING_CONTROLS,GLAZED_TYPE,427.6051585235821
MAINHEATCONT_DESCRIPTION,GLAZED_TYPE,427.6051585235821
GLAZED_TYPE,MAIN_HEATING_CONTROLS,427.605158523582
GLAZED_TYPE,MAINHEATCONT_DESCRIPTION,427.605158523582
BUILT_FORM,FLOOR_LEVEL,419.7222782550516
FLOOR_LEVEL,BUILT_FORM,419.72227825505155
region,HOT_WATER_ENERGY_EFF,410.9852879752542
HOT_WATER_ENERGY_EFF,region,410.9852879752541
region,HOT_WATER_ENV_EFF,409.4733024321712
HOT_WATER_ENV_EFF,region,409.47330243217107
PROPERTY_TYPE,WINDOWS_ENV_EFF,385.91040669450445
PROPERTY_TYPE,WINDOWS_ENERGY_EFF,385.91040669450445
WINDOWS_ENV_EFF,PROPERTY_TYPE,385.91040669450433
WINDOWS_ENERGY_EFF,PROPERTY_TYPE,385.91040669450433
HOT_WATER_ENERGY_EFF,FLOOR_LEVEL,383.7299805259149
FLOOR_LEVEL,HOT_WATER_ENERGY_EFF,383.7299805259148
HOT_WATER_ENV_EFF,SECONDHEAT_DESCRIPTION,358.39857951237775
SECONDHEAT_DESCRIPTION,HOT_WATER_ENV_EFF,358.3985795123777
SECONDHEAT_DESCRIPTION,WINDOWS_DESCRIPTION,356.13972744817966
WINDOWS_DESCRIPTION,SECONDHEAT_DESCRIPTION,356.13972744817966
HOTWATER_DESCRIPTION,MAINHEATC_ENV_EFF,350.86901737153596
HOTWATER_DESCRIPTION,MAINHEATC_ENERGY_EFF,350.86901737153596
MAINHEATC_ENERGY_EFF,HOTWATER_DESCRIPTION,350.8690173715359
MAINHEATC_ENV_EFF,HOTWATER_DESCRIPTION,350.8690173715359
PROPERTY_TYPE,MAINHEATC_ENERGY_EFF,346.33277228803803
MAINHEATC_ENV_EFF,PROPERTY_TYPE,346.33277228803803
PROPERTY_TYPE,MAINHEATC_ENV_EFF,346.33277228803803
MAINHEATC_ENERGY_EFF,PROPERTY_TYPE,346.33277228803803
BUILT_FORM,region,342.4901437362421
region,BUILT_FORM,342.4901437362421
ENERGY_TARIFF,HOTWATER_DESCRIPTION,340.6087098297294
HOTWATER_DESCRIPTION,ENERGY_TARIFF,340.6087098297294
HEAT_LOSS_CORRIDOOR,HOT_WATER_ENERGY_EFF,336.4579054905151
HOT_WATER_ENERGY_EFF,HEAT_LOSS_CORRIDOOR,336.4579054905151
MAINS_GAS_FLAG,TRANSACTION_TYPE,329.5432909007778
TRANSACTION_TYPE,MAINS_GAS_FLAG,329.5432909007778
BUILT_FORM,ROOF_ENERGY_EFF,318.6527231320622
ROOF_ENV_EFF,BUILT_FORM,318.6527231320622
BUILT_FORM,ROOF_ENV_EFF,318.6527231320622
ROOF_ENERGY_EFF,BUILT_FORM,318.6527231320622
BUILT_FORM,HOT_WATER_ENERGY_EFF,307.58173222718943
HOT_WATER_ENERGY_EFF,BUILT_FORM,307.58173222718943
MECHANICAL_VENTILATION,FLOOR_DESCRIPTION,303.5261757426799
FLOOR_DESCRIPTION,MECHANICAL_VENTILATION,303.5261757426799
HEAT_LOSS_CORRIDOOR,region,302.57664475082794
region,HEAT_LOSS_CORRIDOOR,302.57664475082794
ROOF_ENERGY_EFF,MAINHEAT_ENERGY_EFF,294.94958875855536
ROOF_ENV_EFF,MAINHEAT_ENERGY_EFF,294.94958875855536
MAINHEAT_ENERGY_EFF,ROOF_ENERGY_EFF,294.9495887585553
MAINHEAT_ENERGY_EFF,ROOF_ENV_EFF,294.9495887585553
HEAT_LOSS_CORRIDOOR,HOTWATER_DESCRIPTION,293.2959432864674
HOTWATER_DESCRIPTION,HEAT_LOSS_CORRIDOOR,293.2959432864674
MAIN_HEATING_CONTROLS,TRANSACTION_TYPE,282.14292122212055
MAINHEATCONT_DESCRIPTION,TRANSACTION_TYPE,282.14292122212055
TRANSACTION_TYPE,MAIN_HEATING_CONTROLS,282.1429212221205
TRANSACTION_TYPE,MAINHEATCONT_DESCRIPTION,282.1429212221205
GLAZED_TYPE,MAINS_GAS_FLAG,281.24315932948383
MAINS_GAS_FLAG,GLAZED_TYPE,281.24315932948383
HOTWATER_DESCRIPTION,MAIN_FUEL,276.0501897274835
MAIN_FUEL,HOTWATER_DESCRIPTION,276.0501897274835
WINDOWS_DESCRIPTION,LIGHTING_DESCRIPTION,255.06252131172613
LIGHTING_DESCRIPTION,WINDOWS_DESCRIPTION,255.06252131172613
MAINHEAT_ENV_EFF,SECONDHEAT_DESCRIPTION,251.96350623240426
SECONDHEAT_DESCRIPTION,MAINHEAT_ENV_EFF,251.96350623240423
HOT_WATER_ENERGY_EFF,SECONDHEAT_DESCRIPTION,249.3133416342955
SECONDHEAT_DESCRIPTION,HOT_WATER_ENERGY_EFF,249.31334163429545
MAINHEAT_ENV_EFF,ROOF_ENERGY_EFF,242.72780460104894
MAINHEAT_ENV_EFF,ROOF_ENV_EFF,242.72780460104894
ROOF_ENV_EFF,MAINHEAT_ENV_EFF,242.72780460104894
ROOF_ENERGY_EFF,MAINHEAT_ENV_EFF,242.72780460104894
ROOF_ENV_EFF,MAINHEATCONT_DESCRIPTION,240.5022511661223
ROOF_ENERGY_EFF,MAIN_HEATING_CONTROLS,240.5022511661223
ROOF_ENV_EFF,MAIN_HEATING_CONTROLS,240.5022511661223
ROOF_ENERGY_EFF,MAINHEATCONT_DESCRIPTION,240.5022511661223
MAINHEATCONT_DESCRIPTION,ROOF_ENERGY_EFF,240.50225116612222
MAINHEATCONT_DESCRIPTION,ROOF_ENV_EFF,240.50225116612222
MAIN_HEATING_CONTROLS,ROOF_ENV_EFF,240.50225116612222
MAIN_HEATING_CONTROLS,ROOF_ENERGY_EFF,240.50225116612222
WALLS_ENERGY_EFF,ROOF_DESCRIPTION,238.85919015140004
WALLS_ENV_EFF,ROOF_DESCRIPTION,238.85919015140004
ROOF_DESCRIPTION,WALLS_ENERGY_EFF,238.8591901514
ROOF_DESCRIPTION,WALLS_ENV_EFF,238.8591901514
FLOOR_DESCRIPTION,WINDOWS_ENERGY_EFF,238.12998945787137
WINDOWS_ENV_EFF,FLOOR_DESCRIPTION,238.12998945787137
FLOOR_DESCRIPTION,WINDOWS_ENV_EFF,238.12998945787137
WINDOWS_ENERGY_EFF,FLOOR_DESCRIPTION,238.12998945787137
MAINHEATC_ENERGY_EFF,region,237.41937054682575
MAINHEATC_ENV_EFF,region,237.41937054682575
region,MAINHEATC_ENV_EFF,237.41937054682575
region,MAINHEATC_ENERGY_EFF,237.41937054682575
region,WINDOWS_ENV_EFF,230.7626519688254
region,WINDOWS_ENERGY_EFF,230.7626519688254
WINDOWS_ENERGY_EFF,region,230.7626519688253
WINDOWS_ENV_EFF,region,230.7626519688253
region,WALLS_ENV_EFF,228.389423272351
WALLS_ENERGY_EFF,region,228.389423272351
region,WALLS_ENERGY_EFF,228.389423272351
WALLS_ENV_EFF,region,228.389423272351
FLOOR_LEVEL,MAINS_GAS_FLAG,228.09629135490434
MAINS_GAS_FLAG,FLOOR_LEVEL,228.09629135490434
FLOOR_DESCRIPTION,WALLS_ENERGY_EFF,227.3116207049384
FLOOR_DESCRIPTION,WALLS_ENV_EFF,227.3116207049384
WALLS_ENERGY_EFF,FLOOR_DESCRIPTION,227.31162070493838
WALLS_ENV_EFF,FLOOR_DESCRIPTION,227.31162070493838
PROPERTY_TYPE,MECHANICAL_VENTILATION,221.14863477907883
MECHANICAL_VENTILATION,PROPERTY_TYPE,221.1486347790788
HOTWATER_DESCRIPTION,SECONDHEAT_DESCRIPTION,220.18605855520983
SECONDHEAT_DESCRIPTION,HOTWATER_DESCRIPTION,220.18605855520983
MAIN_HEATING_CONTROLS,PROPERTY_TYPE,218.17644131314307
MAINHEATCONT_DESCRIPTION,PROPERTY_TYPE,218.17644131314307
PROPERTY_TYPE,MAIN_HEATING_CONTROLS,218.17644131314304
PROPERTY_TYPE,MAINHEATCONT_DESCRIPTION,218.17644131314304
MECHANICAL_VENTILATION,ROOF_DESCRIPTION,215.94188849202263
ROOF_DESCRIPTION,MECHANICAL_VENTILATION,215.9418884920226
SECONDHEAT_DESCRIPTION,MAINHEATCONT_DESCRIPTION,213.01036999994236
MAIN_HEATING_CONTROLS,SECONDHEAT_DESCRIPTION,213.01036999994236
SECONDHEAT_DESCRIPTION,MAIN_HEATING_CONTROLS,213.01036999994236
MAINHEATCONT_DESCRIPTION,SECONDHEAT_DESCRIPTION,213.01036999994236
FLOOR_DESCRIPTION,HEAT_LOSS_CORRIDOOR,206.67169487294922
HEAT_LOSS_CORRIDOOR,FLOOR_DESCRIPTION,206.67169487294916
GLAZED_TYPE,HOTWATER_DESCRIPTION,203.0726945519916
HOTWATER_DESCRIPTION,GLAZED_TYPE,203.0726945519916
MECHANICAL_VENTILATION,WALLS_DESCRIPTION,194.57324372885938
WALLS_DESCRIPTION,MECHANICAL_VENTILATION,194.57324372885935
region,MAIN_FUEL,193.3308284506652
MAIN_FUEL,region,193.33082845066517
BUILT_FORM,MAINHEATCONT_DESCRIPTION,189.83662558690457
BUILT_FORM,MAIN_HEATING_CONTROLS,189.83662558690457
MAINHEATCONT_DESCRIPTION,BUILT_FORM,189.83662558690457
MAIN_HEATING_CONTROLS,BUILT_FORM,189.83662558690457
PROPERTY_TYPE,WALLS_DESCRIPTION,183.01681408595795
WALLS_DESCRIPTION,PROPERTY_TYPE,183.01681408595786
FLOOR_LEVEL,ROOF_ENV_EFF,182.41141273867615
FLOOR_LEVEL,ROOF_ENERGY_EFF,182.41141273867615
ROOF_ENERGY_EFF,FLOOR_LEVEL,182.41141273867612
ROOF_ENV_EFF,FLOOR_LEVEL,182.41141273867612
PROPERTY_TYPE,FLOOR_DESCRIPTION,181.81193742372042
FLOOR_DESCRIPTION,PROPERTY_TYPE,181.8119374237204
FLOOR_DESCRIPTION,MAINHEATC_ENV_EFF,176.1930896675044
FLOOR_DESCRIPTION,MAINHEATC_ENERGY_EFF,176.1930896675044
MAINHEATC_ENV_EFF,FLOOR_DESCRIPTION,176.1930896675043
MAINHEATC_ENERGY_EFF,FLOOR_DESCRIPTION,176.1930896675043
SECONDHEAT_DESCRIPTION,MAINHEAT_ENERGY_EFF,175.92604152818677
MAINHEAT_ENERGY_EFF,SECONDHEAT_DESCRIPTION,175.92604152818674
GLAZED_TYPE,PROPERTY_TYPE,175.26608022364275
PROPERTY_TYPE,GLAZED_TYPE,175.26608022364275
WINDOWS_DESCRIPTION,LIGHTING_ENERGY_EFF,174.83234462386196
LIGHTING_ENERGY_EFF,WINDOWS_DESCRIPTION,174.83234462386196
LIGHTING_ENV_EFF,WINDOWS_DESCRIPTION,174.57703438067233
WINDOWS_DESCRIPTION,LIGHTING_ENV_EFF,174.5770343806723
LIGHTING_DESCRIPTION,SECONDHEAT_DESCRIPTION,174.44396526112575
SECONDHEAT_DESCRIPTION,LIGHTING_DESCRIPTION,174.44396526112573
WALLS_DESCRIPTION,FLOOR_DESCRIPTION,173.79050767127478
FLOOR_DESCRIPTION,WALLS_DESCRIPTION,173.79050767127475
LIGHTING_DESCRIPTION,MAINHEATCONT_DESCRIPTION,168.56456786483042
LIGHTING_DESCRIPTION,MAIN_HEATING_CONTROLS,168.56456786483042
MAIN_HEATING_CONTROLS,LIGHTING_DESCRIPTION,168.5645678648304
MAINHEATCONT_DESCRIPTION,LIGHTING_DESCRIPTION,168.5645678648304
FLOOR_DESCRIPTION,WINDOWS_DESCRIPTION,168.44946767402078
WINDOWS_DESCRIPTION,FLOOR_DESCRIPTION,168.44946767402078
ENERGY_TARIFF,region,166.64398788603043
region,ENERGY_TARIFF,166.64398788603043
GLAZED_TYPE,SECONDHEAT_DESCRIPTION,165.86179022793561
SECONDHEAT_DESCRIPTION,GLAZED_TYPE,165.86179022793556
WINDOWS_ENV_EFF,ROOF_DESCRIPTION,159.9341483005258
ROOF_DESCRIPTION,WINDOWS_ENERGY_EFF,159.9341483005258
ROOF_DESCRIPTION,WINDOWS_ENV_EFF,159.9341483005258
WINDOWS_ENERGY_EFF,ROOF_DESCRIPTION,159.9341483005258
ENERGY_TARIFF,FLOOR_DESCRIPTION,159.27532642398378
FLOOR_DESCRIPTION,ENERGY_TARIFF,159.27532642398378
HOTWATER_DESCRIPTION,MECHANICAL_VENTILATION,154.81587222214617
MECHANICAL_VENTILATION,HOTWATER_DESCRIPTION,154.81587222214614
WINDOWS_ENV_EFF,WALLS_DESCRIPTION,150.34111424877932
WALLS_DESCRIPTION,WINDOWS_ENERGY_EFF,150.34111424877932
WALLS_DESCRIPTION,WINDOWS_ENV_EFF,150.34111424877932
WINDOWS_ENERGY_EFF,WALLS_DESCRIPTION,150.34111424877932
LIGHTING_ENERGY_EFF,MAINHEAT_ENERGY_EFF,148.57382317140696
MAINHEAT_ENERGY_EFF,LIGHTING_ENERGY_EFF,148.57382317140693
GLAZED_TYPE,region,147.09392506218805
region,GLAZED_TYPE,147.09392506218805
LIGHTING_ENV_EFF,MAINHEAT_ENERGY_EFF,146.97011676826438
MAINHEAT_ENERGY_EFF,LIGHTING_ENV_EFF,146.97011676826438
BUILT_FORM,WINDOWS_DESCRIPTION,146.7016309744637
WINDOWS_DESCRIPTION,BUILT_FORM,146.7016309744637
LIGHTING_DESCRIPTION,HOTWATER_DESCRIPTION,143.2851557119377
HOTWATER_DESCRIPTION,LIGHTING_DESCRIPTION,143.28515571193768
LIGHTING_ENERGY_EFF,HOT_WATER_ENERGY_EFF,138.49917953989336
LIGHTING_ENV_EFF,HOT_WATER_ENERGY_EFF,138.49917953989336
HOT_WATER_ENERGY_EFF,LIGHTING_ENV_EFF,138.49917953989336
HOT_WATER_ENERGY_EFF,LIGHTING_ENERGY_EFF,138.49917953989336
MAINS_GAS_FLAG,ROOF_ENERGY_EFF,137.97784958401726
ROOF_ENERGY_EFF,MAINS_GAS_FLAG,137.97784958401726
ROOF_ENV_EFF,MAINS_GAS_FLAG,137.97784958401726
MAINS_GAS_FLAG,ROOF_ENV_EFF,137.97784958401726
FLOOR_DESCRIPTION,GLAZED_TYPE,136.72832974860893
GLAZED_TYPE,FLOOR_DESCRIPTION,136.7283297486089
ROOF_ENERGY_EFF,MAIN_FUEL,136.39961856018684
ROOF_ENV_EFF,MAIN_FUEL,136.39961856018684
MAIN_FUEL,ROOF_ENV_EFF,136.39961856018678
MAIN_FUEL,ROOF_ENERGY_EFF,136.39961856018678
LIGHTING_ENERGY_EFF,region,135.89390660363506
region,LIGHTING_ENERGY_EFF,135.89390660363506
region,LIGHTING_ENV_EFF,135.64730343199497
LIGHTING_ENV_EFF,region,135.64730343199494
PROPERTY_TYPE,HOTWATER_DESCRIPTION,135.53536496818896
HOTWATER_DESCRIPTION,PROPERTY_TYPE,135.53536496818896
MAINHEATCONT_DESCRIPTION,FLOOR_DESCRIPTION,129.4525159061375
FLOOR_DESCRIPTION,MAINHEATCONT_DESCRIPTION,129.4525159061375
FLOOR_DESCRIPTION,MAIN_HEATING_CONTROLS,129.4525159061375
MAIN_HEATING_CONTROLS,FLOOR_DESCRIPTION,129.4525159061375
region,TRANSACTION_TYPE,129.10799411926314
TRANSACTION_TYPE,region,129.10799411926314
SECONDHEAT_DESCRIPTION,MECHANICAL_VENTILATION,128.539878362019
MECHANICAL_VENTILATION,SECONDHEAT_DESCRIPTION,128.53987836201898
HEAT_LOSS_CORRIDOOR,ROOF_DESCRIPTION,128.4443496490891
ROOF_DESCRIPTION,HEAT_LOSS_CORRIDOOR,128.44434964908908
SECONDHEAT_DESCRIPTION,MAIN_FUEL,125.10119578053512
MAIN_FUEL,SECONDHEAT_DESCRIPTION,125.10119578053512
FLOOR_DESCRIPTION,TRANSACTION_TYPE,121.65619548190455
TRANSACTION_TYPE,FLOOR_DESCRIPTION,121.65619548190453
WINDOWS_DESCRIPTION,HOT_WATER_ENERGY_EFF,121.60408505771044
HOT_WATER_ENERGY_EFF,WINDOWS_DESCRIPTION,121.60408505771044
ROOF_DESCRIPTION,MAINHEATC_ENV_EFF,119.13982560297563
ROOF_DESCRIPTION,MAINHEATC_ENERGY_EFF,119.13982560297563
MAINHEATC_ENV_EFF,ROOF_DESCRIPTION,119.13982560297562
MAINHEATC_ENERGY_EFF,ROOF_DESCRIPTION,119.13982560297562
WALLS_DESCRIPTION,ROOF_DESCRIPTION,119.05579644577087
ROOF_DESCRIPTION,WALLS_DESCRIPTION,119.05579644577084
HEAT_LOSS_CORRIDOOR,SECONDHEAT_DESCRIPTION,118.65813045674064
SECONDHEAT_DESCRIPTION,HEAT_LOSS_CORRIDOOR,118.65813045674062
MAINS_GAS_FLAG,LIGHTING_ENERGY_EFF,118.12776326126375
LIGHTING_ENERGY_EFF,MAINS_GAS_FLAG,118.12776326126375
FLOOR_LEVEL,MAINHEATCONT_DESCRIPTION,117.46224297711011
FLOOR_LEVEL,MAIN_HEATING_CONTROLS,117.46224297711011
MAIN_HEATING_CONTROLS,FLOOR_LEVEL,117.46224297711011
MAINHEATCONT_DESCRIPTION,FLOOR_LEVEL,117.46224297711011
HOTWATER_DESCRIPTION,TRANSACTION_TYPE,117.31722372165576
TRANSACTION_TYPE,HOTWATER_DESCRIPTION,117.31722372165575
WINDOWS_DESCRIPTION,ROOF_DESCRIPTION,116.96277651973556
ROOF_DESCRIPTION,WINDOWS_DESCRIPTION,116.96277651973554
LIGHTING_ENV_EFF,MAINS_GAS_FLAG,116.2254145532206
MAINS_GAS_FLAG,LIGHTING_ENV_EFF,116.22541455322057
FLOOR_LEVEL,WINDOWS_DESCRIPTION,114.52099520121166
WINDOWS_DESCRIPTION,FLOOR_LEVEL,114.52099520121163
WINDOWS_DESCRIPTION,HOT_WATER_ENV_EFF,113.6572917320355
HOT_WATER_ENV_EFF,WINDOWS_DESCRIPTION,113.65729173203547
HEAT_LOSS_CORRIDOOR,ROOF_ENERGY_EFF,111.492221174731
ROOF_ENERGY_EFF,HEAT_LOSS_CORRIDOOR,111.492221174731
HEAT_LOSS_CORRIDOOR,ROOF_ENV_EFF,111.492221174731
ROOF_ENV_EFF,HEAT_LOSS_CORRIDOOR,111.492221174731
LIGHTING_ENV_EFF,HOT_WATER_ENV_EFF,110.7654288491113
LIGHTING_ENERGY_EFF,HOT_WATER_ENV_EFF,110.7654288491113
HOT_WATER_ENV_EFF,LIGHTING_ENERGY_EFF,110.7654288491113
HOT_WATER_ENV_EFF,LIGHTING_ENV_EFF,110.7654288491113
ENERGY_TARIFF,SECONDHEAT_DESCRIPTION,110.022857146274
SECONDHEAT_DESCRIPTION,ENERGY_TARIFF,110.02285714627396
WALLS_DESCRIPTION,ENERGY_TARIFF,108.84422027172107
ENERGY_TARIFF,WALLS_DESCRIPTION,108.84422027172107
LIGHTING_ENERGY_EFF,PROPERTY_TYPE,108.80621721111162
PROPERTY_TYPE,LIGHTING_ENERGY_EFF,108.80621721111162
LIGHTING_ENV_EFF,FLOOR_LEVEL,108.00684396053398
FLOOR_LEVEL,LIGHTING_ENV_EFF,108.00684396053398
LIGHTING_ENV_EFF,PROPERTY_TYPE,107.89261893093973
PROPERTY_TYPE,LIGHTING_ENV_EFF,107.8926189309397
FLOOR_LEVEL,LIGHTING_ENERGY_EFF,107.8246840637337
LIGHTING_ENERGY_EFF,FLOOR_LEVEL,107.82468406373368
ROOF_DESCRIPTION,ENERGY_TARIFF,107.7464562306126
ENERGY_TARIFF,ROOF_DESCRIPTION,107.74645623061258
WALLS_DESCRIPTION,MAINHEATC_ENV_EFF,107.05590007944465
MAINHEATC_ENERGY_EFF,WALLS_DESCRIPTION,107.05590007944465
WALLS_DESCRIPTION,MAINHEATC_ENERGY_EFF,107.05590007944465
MAINHEATC_ENV_EFF,WALLS_DESCRIPTION,107.05590007944465
SECONDHEAT_DESCRIPTION,TRANSACTION_TYPE,105.11674629522004
TRANSACTION_TYPE,SECONDHEAT_DESCRIPTION,105.11674629522004
LIGHTING_ENERGY_EFF,MAIN_HEATING_CONTROLS,104.93409162500475
LIGHTING_ENERGY_EFF,MAINHEATCONT_DESCRIPTION,104.93409162500475
MAINHEATCONT_DESCRIPTION,LIGHTING_ENERGY_EFF,104.93409162500474
MAIN_HEATING_CONTROLS,LIGHTING_ENERGY_EFF,104.93409162500474
LIGHTING_ENV_EFF,MAIN_HEATING_CONTROLS,104.88874722147649
LIGHTING_ENV_EFF,MAINHEATCONT_DESCRIPTION,104.88874722147649
MAIN_HEATING_CONTROLS,LIGHTING_ENV_EFF,104.88874722147646
MAINHEATCONT_DESCRIPTION,LIGHTING_ENV_EFF,104.88874722147646
FLOOR_DESCRIPTION,ROOF_DESCRIPTION,104.7024616097881
ROOF_DESCRIPTION,FLOOR_DESCRIPTION,104.70246160978809
WINDOWS_ENERGY_EFF,HOTWATER_DESCRIPTION,102.13659053971573
WINDOWS_ENV_EFF,HOTWATER_DESCRIPTION,102.13659053971573
HOTWATER_DESCRIPTION,WINDOWS_ENV_EFF,102.13659053971573
HOTWATER_DESCRIPTION,WINDOWS_ENERGY_EFF,102.13659053971573
ROOF_DESCRIPTION,PROPERTY_TYPE,101.64353177390262
PROPERTY_TYPE,ROOF_DESCRIPTION,101.64353177390262
WALLS_DESCRIPTION,MAINHEATCONT_DESCRIPTION,100.10133896116606
MAIN_HEATING_CONTROLS,WALLS_DESCRIPTION,100.10133896116606
MAINHEATCONT_DESCRIPTION,WALLS_DESCRIPTION,100.10133896116606
WALLS_DESCRIPTION,MAIN_HEATING_CONTROLS,100.10133896116606
MAINHEATC_ENV_EFF,SECONDHEAT_DESCRIPTION,98.01657775166683
MAINHEATC_ENERGY_EFF,SECONDHEAT_DESCRIPTION,98.01657775166683
SECONDHEAT_DESCRIPTION,MAINHEATC_ENV_EFF,98.01657775166682
SECONDHEAT_DESCRIPTION,MAINHEATC_ENERGY_EFF,98.01657775166682
WALLS_DESCRIPTION,WINDOWS_DESCRIPTION,97.75292444162933
WINDOWS_DESCRIPTION,WALLS_DESCRIPTION,97.75292444162932
ROOF_DESCRIPTION,MAINHEATCONT_DESCRIPTION,95.71551565961192
MAINHEATCONT_DESCRIPTION,ROOF_DESCRIPTION,95.71551565961192
MAIN_HEATING_CONTROLS,ROOF_DESCRIPTION,95.71551565961192
ROOF_DESCRIPTION,MAIN_HEATING_CONTROLS,95.71551565961192
LIGHTING_ENERGY_EFF,MAINHEAT_ENV_EFF,93.55569019315779
MAINHEAT_ENV_EFF,LIGHTING_ENERGY_EFF,93.55569019315777
ROOF_DESCRIPTION,GLAZED_TYPE,92.48081982592801
GLAZED_TYPE,ROOF_DESCRIPTION,92.48081982592801
ROOF_ENERGY_EFF,PROPERTY_TYPE,92.46620599653427
ROOF_ENV_EFF,PROPERTY_TYPE,92.46620599653427
PROPERTY_TYPE,ROOF_ENERGY_EFF,92.46620599653424
PROPERTY_TYPE,ROOF_ENV_EFF,92.46620599653424
WINDOWS_DESCRIPTION,MAIN_FUEL,92.26103824451032
MAIN_FUEL,WINDOWS_DESCRIPTION,92.26103824451032
MAINHEAT_ENV_EFF,LIGHTING_ENV_EFF,92.02423762594577
LIGHTING_ENV_EFF,MAINHEAT_ENV_EFF,92.02423762594577
GLAZED_TYPE,LIGHTING_DESCRIPTION,91.45532667833817
LIGHTING_DESCRIPTION,GLAZED_TYPE,91.45532667833817
region,ROOF_ENV_EFF,91.40080553819107
region,ROOF_ENERGY_EFF,91.40080553819107
ROOF_ENERGY_EFF,region,91.40080553819107
ROOF_ENV_EFF,region,91.40080553819107
WINDOWS_DESCRIPTION,MAINHEAT_ENERGY_EFF,90.75111248001177
MAINHEAT_ENERGY_EFF,WINDOWS_DESCRIPTION,90.75111248001177
MECHANICAL_VENTILATION,LIGHTING_DESCRIPTION,89.95770695515965
LIGHTING_DESCRIPTION,MECHANICAL_VENTILATION,89.95770695515965
TRANSACTION_TYPE,WALLS_DESCRIPTION,89.40402706477494
WALLS_DESCRIPTION,TRANSACTION_TYPE,89.40402706477494
HOTWATER_DESCRIPTION,WALLS_ENERGY_EFF,88.55582254667304
HOTWATER_DESCRIPTION,WALLS_ENV_EFF,88.55582254667304
WALLS_ENV_EFF,HOTWATER_DESCRIPTION,88.55582254667303
WALLS_ENERGY_EFF,HOTWATER_DESCRIPTION,88.55582254667303
MAIN_FUEL,LIGHTING_ENERGY_EFF,88.45035842888416
LIGHTING_ENERGY_EFF,MAIN_FUEL,88.45035842888416
LIGHTING_ENV_EFF,MAIN_FUEL,87.95922260241412
MAIN_FUEL,LIGHTING_ENV_EFF,87.9592226024141
LIGHTING_DESCRIPTION,TRANSACTION_TYPE,87.87567273764148
TRANSACTION_TYPE,LIGHTING_DESCRIPTION,87.87567273764147
region,FLOOR_LEVEL,86.07219076187434
FLOOR_LEVEL,region,86.07219076187432
WALLS_DESCRIPTION,MAINS_GAS_FLAG,84.52442778193982
MAINS_GAS_FLAG,WALLS_DESCRIPTION,84.52442778193979
TRANSACTION_TYPE,ROOF_DESCRIPTION,84.37202041048836
ROOF_DESCRIPTION,TRANSACTION_TYPE,84.37202041048835
GLAZED_TYPE,WALLS_DESCRIPTION,83.49601076504494
WALLS_DESCRIPTION,GLAZED_TYPE,83.49601076504493
HOTWATER_DESCRIPTION,BUILT_FORM,80.09789770442877
BUILT_FORM,HOTWATER_DESCRIPTION,80.09789770442877
ROOF_ENV_EFF,FLOOR_DESCRIPTION,79.05723081533233
ROOF_ENERGY_EFF,FLOOR_DESCRIPTION,79.05723081533233
FLOOR_DESCRIPTION,ROOF_ENERGY_EFF,79.05723081533232
FLOOR_DESCRIPTION,ROOF_ENV_EFF,79.05723081533232
MAINHEAT_ENV_EFF,WINDOWS_DESCRIPTION,76.72157888561779
WINDOWS_DESCRIPTION,MAINHEAT_ENV_EFF,76.72157888561779
FLOOR_DESCRIPTION,SECONDHEAT_DESCRIPTION,76.4522956593182
SECONDHEAT_DESCRIPTION,FLOOR_DESCRIPTION,76.45229565931818
HEAT_LOSS_CORRIDOOR,WINDOWS_DESCRIPTION,76.01559590829098
WINDOWS_DESCRIPTION,HEAT_LOSS_CORRIDOOR,76.01559590829098
ROOF_DESCRIPTION,LIGHTING_DESCRIPTION,75.63834560213999
LIGHTING_DESCRIPTION,ROOF_DESCRIPTION,75.63834560213996
LIGHTING_DESCRIPTION,MAINHEATC_ENERGY_EFF,74.04880042876611
MAINHEATC_ENV_EFF,LIGHTING_DESCRIPTION,74.04880042876611
MAINHEATC_ENERGY_EFF,LIGHTING_DESCRIPTION,74.04880042876611
LIGHTING_DESCRIPTION,MAINHEATC_ENV_EFF,74.04880042876611
WINDOWS_DESCRIPTION,MAINS_GAS_FLAG,73.24768373650619
MAINS_GAS_FLAG,WINDOWS_DESCRIPTION,73.24768373650619
SECONDHEAT_DESCRIPTION,BUILT_FORM,71.86651974555245
BUILT_FORM,SECONDHEAT_DESCRIPTION,71.86651974555245
WALLS_DESCRIPTION,ROOF_ENV_EFF,71.81611198673576
WALLS_DESCRIPTION,ROOF_ENERGY_EFF,71.81611198673576
ROOF_ENERGY_EFF,WALLS_DESCRIPTION,71.81611198673576
ROOF_ENV_EFF,WALLS_DESCRIPTION,71.81611198673576
WALLS_ENV_EFF,SECONDHEAT_DESCRIPTION,70.21467271167764
WALLS_ENERGY_EFF,SECONDHEAT_DESCRIPTION,70.21467271167764
SECONDHEAT_DESCRIPTION,WALLS_ENV_EFF,70.21467271167762
SECONDHEAT_DESCRIPTION,WALLS_ENERGY_EFF,70.21467271167762
FLOOR_DESCRIPTION,HOTWATER_DESCRIPTION,69.89709486448272
HOTWATER_DESCRIPTION,FLOOR_DESCRIPTION,69.89709486448272
MECHANICAL_VENTILATION,region,69.09728652136296
region,MECHANICAL_VENTILATION,69.09728652136295
WINDOWS_ENERGY_EFF,LIGHTING_DESCRIPTION,66.63740645384723
WINDOWS_ENV_EFF,LIGHTING_DESCRIPTION,66.63740645384723
LIGHTING_DESCRIPTION,WINDOWS_ENV_EFF,66.63740645384723
LIGHTING_DESCRIPTION,WINDOWS_ENERGY_EFF,66.63740645384723
PROPERTY_TYPE,SECONDHEAT_DESCRIPTION,64.76432058261656
SECONDHEAT_DESCRIPTION,PROPERTY_TYPE,64.76432058261655
SECONDHEAT_DESCRIPTION,WINDOWS_ENERGY_EFF,64.70525102480087
WINDOWS_ENERGY_EFF,SECONDHEAT_DESCRIPTION,64.70525102480087
WINDOWS_ENV_EFF,SECONDHEAT_DESCRIPTION,64.70525102480087
SECONDHEAT_DESCRIPTION,WINDOWS_ENV_EFF,64.70525102480087
LIGHTING_DESCRIPTION,FLOOR_DESCRIPTION,64.37959002598429
FLOOR_DESCRIPTION,LIGHTING_DESCRIPTION,64.37959002598427
HEAT_LOSS_CORRIDOOR,LIGHTING_ENV_EFF,63.938516978656736
LIGHTING_ENV_EFF,HEAT_LOSS_CORRIDOOR,63.938516978656736
FLOOR_LEVEL,FLOOR_DESCRIPTION,63.05477856418581
FLOOR_DESCRIPTION,FLOOR_LEVEL,63.0547785641858
HEAT_LOSS_CORRIDOOR,LIGHTING_ENERGY_EFF,62.756310705792494
LIGHTING_ENERGY_EFF,HEAT_LOSS_CORRIDOOR,62.75631070579249
MAINHEAT_ENV_EFF,FLOOR_DESCRIPTION,62.05858502618893
FLOOR_DESCRIPTION,MAINHEAT_ENV_EFF,62.05858502618893
LIGHTING_DESCRIPTION,WALLS_ENV_EFF,61.049541566242034
LIGHTING_DESCRIPTION,WALLS_ENERGY_EFF,61.049541566242034
WALLS_ENV_EFF,LIGHTING_DESCRIPTION,61.04954156624202
WALLS_ENERGY_EFF,LIGHTING_DESCRIPTION,61.04954156624202
LIGHTING_ENV_EFF,BUILT_FORM,60.73527928842487
BUILT_FORM,LIGHTING_ENV_EFF,60.73527928842486
LIGHTING_ENERGY_EFF,BUILT_FORM,60.72998734944837
BUILT_FORM,LIGHTING_ENERGY_EFF,60.72998734944837
LIGHTING_DESCRIPTION,WALLS_DESCRIPTION,60.54779598050556
WALLS_DESCRIPTION,LIGHTING_DESCRIPTION,60.54779598050556
HOTWATER_DESCRIPTION,FLOOR_LEVEL,59.62391771308854
FLOOR_LEVEL,HOTWATER_DESCRIPTION,59.62391771308854
LIGHTING_DESCRIPTION,ENERGY_TARIFF,59.170612959833306
ENERGY_TARIFF,LIGHTING_DESCRIPTION,59.1706129598333
PROPERTY_TYPE,WINDOWS_DESCRIPTION,56.47005528038654
WINDOWS_DESCRIPTION,PROPERTY_TYPE,56.47005528038654
HEAT_LOSS_CORRIDOOR,LIGHTING_DESCRIPTION,54.734738844977535
LIGHTING_DESCRIPTION,HEAT_LOSS_CORRIDOOR,54.73473884497753
MECHANICAL_VENTILATION,MAINS_GAS_FLAG,54.18773327184509
MAINS_GAS_FLAG,MECHANICAL_VENTILATION,54.18773327184509
region,MAIN_HEATING_CONTROLS,52.27031629962062
region,MAINHEATCONT_DESCRIPTION,52.27031629962062
MAINHEATCONT_DESCRIPTION,region,52.27031629962062
MAIN_HEATING_CONTROLS,region,52.27031629962062
ROOF_DESCRIPTION,HOTWATER_DESCRIPTION,51.99610666935365
HOTWATER_DESCRIPTION,ROOF_DESCRIPTION,51.99610666935364
FLOOR_LEVEL,ROOF_DESCRIPTION,51.98387707144092
ROOF_DESCRIPTION,FLOOR_LEVEL,51.983877071440915
ROOF_DESCRIPTION,SECONDHEAT_DESCRIPTION,51.78170036177402
SECONDHEAT_DESCRIPTION,ROOF_DESCRIPTION,51.78170036177402
FLOOR_DESCRIPTION,BUILT_FORM,51.178281911032514
BUILT_FORM,FLOOR_DESCRIPTION,51.178281911032514
MAINHEAT_ENERGY_EFF,FLOOR_DESCRIPTION,50.84299719881717
FLOOR_DESCRIPTION,MAINHEAT_ENERGY_EFF,50.84299719881717
HOTWATER_DESCRIPTION,WALLS_DESCRIPTION,50.34984219495661
WALLS_DESCRIPTION,HOTWATER_DESCRIPTION,50.3498421949566
FLOOR_DESCRIPTION,MAINS_GAS_FLAG,49.28715506824915
MAINS_GAS_FLAG,FLOOR_DESCRIPTION,49.28715506824915
FLOOR_DESCRIPTION,HOT_WATER_ENV_EFF,47.73112872328301
HOT_WATER_ENV_EFF,FLOOR_DESCRIPTION,47.73112872328301
BUILT_FORM,WALLS_DESCRIPTION,44.42249356901625
WALLS_DESCRIPTION,BUILT_FORM,44.42249356901625
HOTWATER_DESCRIPTION,ROOF_ENV_EFF,44.36343923252494
ROOF_ENV_EFF,HOTWATER_DESCRIPTION,44.36343923252494
HOTWATER_DESCRIPTION,ROOF_ENERGY_EFF,44.36343923252494
ROOF_ENERGY_EFF,HOTWATER_DESCRIPTION,44.36343923252494
WALLS_DESCRIPTION,SECONDHEAT_DESCRIPTION,44.244603156291404
SECONDHEAT_DESCRIPTION,WALLS_DESCRIPTION,44.244603156291404
MAINHEAT_ENV_EFF,WALLS_DESCRIPTION,39.72035700345677
WALLS_DESCRIPTION,MAINHEAT_ENV_EFF,39.72035700345676
FLOOR_DESCRIPTION,HOT_WATER_ENERGY_EFF,38.57506323329438
HOT_WATER_ENERGY_EFF,FLOOR_DESCRIPTION,38.57506323329438
ROOF_DESCRIPTION,MAINHEAT_ENV_EFF,38.5658279139566
MAINHEAT_ENV_EFF,ROOF_DESCRIPTION,38.5658279139566
WALLS_DESCRIPTION,MAINHEAT_ENERGY_EFF,38.08419417476761
MAINHEAT_ENERGY_EFF,WALLS_DESCRIPTION,38.08419417476761
ROOF_ENERGY_EFF,LIGHTING_DESCRIPTION,37.86965921467525
ROOF_ENV_EFF,LIGHTING_DESCRIPTION,37.86965921467525
LIGHTING_DESCRIPTION,ROOF_ENV_EFF,37.869659214675245
LIGHTING_DESCRIPTION,ROOF_ENERGY_EFF,37.869659214675245
MAIN_FUEL,LIGHTING_DESCRIPTION,36.589596649260756
LIGHTING_DESCRIPTION,MAIN_FUEL,36.58959664926075
HOTWATER_DESCRIPTION,LIGHTING_ENV_EFF,36.51032411361088
LIGHTING_ENV_EFF,HOTWATER_DESCRIPTION,36.51032411361088
LIGHTING_ENERGY_EFF,HOTWATER_DESCRIPTION,36.087629657243475
HOTWATER_DESCRIPTION,LIGHTING_ENERGY_EFF,36.08762965724347
FLOOR_DESCRIPTION,LIGHTING_ENERGY_EFF,34.09512515602332
LIGHTING_ENERGY_EFF,FLOOR_DESCRIPTION,34.095125156023315
LIGHTING_ENV_EFF,FLOOR_DESCRIPTION,34.07638230890797
FLOOR_DESCRIPTION,LIGHTING_ENV_EFF,34.07638230890797
MAINHEAT_ENERGY_EFF,ROOF_DESCRIPTION,32.770310164639824
ROOF_DESCRIPTION,MAINHEAT_ENERGY_EFF,32.770310164639824
LIGHTING_ENERGY_EFF,ROOF_DESCRIPTION,32.354264029333635
ROOF_DESCRIPTION,LIGHTING_ENERGY_EFF,32.354264029333635
ROOF_DESCRIPTION,LIGHTING_ENV_EFF,32.34795606456538
LIGHTING_ENV_EFF,ROOF_DESCRIPTION,32.34795606456538
ROOF_DESCRIPTION,BUILT_FORM,31.949150873013394
BUILT_FORM,ROOF_DESCRIPTION,31.949150873013387
BUILT_FORM,LIGHTING_DESCRIPTION,30.756304034728252
LIGHTING_DESCRIPTION,BUILT_FORM,30.756304034728252
HOT_WATER_ENV_EFF,WALLS_DESCRIPTION,29.556923734973726
WALLS_DESCRIPTION,HOT_WATER_ENV_EFF,29.55692373497372
ROOF_DESCRIPTION,HOT_WATER_ENV_EFF,29.41972021394721
HOT_WATER_ENV_EFF,ROOF_DESCRIPTION,29.41972021394721
WALLS_DESCRIPTION,HOT_WATER_ENERGY_EFF,28.880868779891202
HOT_WATER_ENERGY_EFF,WALLS_DESCRIPTION,28.8808687798912
HEAT_LOSS_CORRIDOOR,WALLS_DESCRIPTION,28.7684834114956
WALLS_DESCRIPTION,HEAT_LOSS_CORRIDOOR,28.7684834114956
SECONDHEAT_DESCRIPTION,region,28.250006892396534
region,SECONDHEAT_DESCRIPTION,28.250006892396534
MAINS_GAS_FLAG,ROOF_DESCRIPTION,28.06697528656971
ROOF_DESCRIPTION,MAINS_GAS_FLAG,28.066975286569708
LIGHTING_ENV_EFF,WALLS_DESCRIPTION,27.878873673560367
WALLS_DESCRIPTION,LIGHTING_ENV_EFF,27.87887367356036
WALLS_DESCRIPTION,LIGHTING_ENERGY_EFF,27.868578922313556
LIGHTING_ENERGY_EFF,WALLS_DESCRIPTION,27.86857892231355
PROPERTY_TYPE,LIGHTING_DESCRIPTION,27.67574434536284
LIGHTING_DESCRIPTION,PROPERTY_TYPE,27.67574434536284
SECONDHEAT_DESCRIPTION,ROOF_ENV_EFF,27.300276387851792
SECONDHEAT_DESCRIPTION,ROOF_ENERGY_EFF,27.300276387851792
ROOF_ENERGY_EFF,SECONDHEAT_DESCRIPTION,27.30027638785179
ROOF_ENV_EFF,SECONDHEAT_DESCRIPTION,27.30027638785179
SECONDHEAT_DESCRIPTION,LIGHTING_ENV_EFF,27.288229401979446
LIGHTING_ENV_EFF,SECONDHEAT_DESCRIPTION,27.288229401979446
SECONDHEAT_DESCRIPTION,LIGHTING_ENERGY_EFF,27.063773373659895
LIGHTING_ENERGY_EFF,SECONDHEAT_DESCRIPTION,27.063773373659888
WINDOWS_DESCRIPTION,region,25.951440614957548
region,WINDOWS_DESCRIPTION,25.951440614957548
HOT_WATER_ENERGY_EFF,ROOF_DESCRIPTION,25.76349356820048
ROOF_DESCRIPTION,HOT_WATER_ENERGY_EFF,25.76349356820048
MAIN_FUEL,FLOOR_DESCRIPTION,24.901546072509284
FLOOR_DESCRIPTION,MAIN_FUEL,24.90154607250928
FLOOR_LEVEL,WALLS_DESCRIPTION,23.693043561785096
WALLS_DESCRIPTION,FLOOR_LEVEL,23.693043561785096
MAINS_GAS_FLAG,LIGHTING_DESCRIPTION,23.165667550339794
LIGHTING_DESCRIPTION,MAINS_GAS_FLAG,23.165667550339794
SECONDHEAT_DESCRIPTION,FLOOR_LEVEL,22.282027303594667
FLOOR_LEVEL,SECONDHEAT_DESCRIPTION,22.282027303594667
MAINHEAT_ENERGY_EFF,LIGHTING_DESCRIPTION,20.616237168677667
LIGHTING_DESCRIPTION,MAINHEAT_ENERGY_EFF,20.616237168677667
HOTWATER_DESCRIPTION,region,20.50109137361127
region,HOTWATER_DESCRIPTION,20.501091373611267
MAINHEAT_ENV_EFF,LIGHTING_DESCRIPTION,20.201588634180318
LIGHTING_DESCRIPTION,MAINHEAT_ENV_EFF,20.201588634180318
WALLS_DESCRIPTION,MAIN_FUEL,18.807015175536794
MAIN_FUEL,WALLS_DESCRIPTION,18.807015175536794
MAIN_FUEL,ROOF_DESCRIPTION,18.510248233555345
ROOF_DESCRIPTION,MAIN_FUEL,18.51024823355534
FLOOR_LEVEL,LIGHTING_DESCRIPTION,16.494582864736405
LIGHTING_DESCRIPTION,FLOOR_LEVEL,16.494582864736405
LIGHTING_DESCRIPTION,HOT_WATER_ENV_EFF,15.342261457630336
HOT_WATER_ENV_EFF,LIGHTING_DESCRIPTION,15.342261457630336
region,WALLS_DESCRIPTION,14.06702018212624
WALLS_DESCRIPTION,region,14.06702018212624
HOT_WATER_ENERGY_EFF,LIGHTING_DESCRIPTION,13.886311155716825
LIGHTING_DESCRIPTION,HOT_WATER_ENERGY_EFF,13.886311155716825
LIGHTING_DESCRIPTION,region,11.090752804713254
region,LIGHTING_DESCRIPTION,11.090752804713253
region,FLOOR_DESCRIPTION,10.500912279761295
FLOOR_DESCRIPTION,region,10.500912279761295
region,ROOF_DESCRIPTION,9.066242058871174
ROOF_DESCRIPTION,region,9.066242058871174
